BudgetID,Year,DepartmentID,BudgetAmountUSD,BudgetOwner
BUD-2022-DPT001,2022,DPT001,10043514.08,Manager 01
BUD-2022-DPT002,2022,DPT002,11004755.13,Manager 02
BUD-2022-DPT003,2022,DPT003,2507773.03,Manager 03
BUD-2022-DPT004,2022,DPT004,9551515.71,Manager 04
BUD-2022-DPT005,2022,DPT005,2805570.02,Manager 05
BUD-2022-DPT006,2022,DPT006,5229031.89,Manager 06
BUD-2022-DPT007,2022,DPT007,7878479.37,Manager 07
BUD-2022-DPT008,2022,DPT008,5983200.24,Manager 08
BUD-2022-DPT009,2022,DPT009,7097735.64,Manager 09
BUD-2022-DPT010,2022,DPT010,10296329.3,Manager 10
BUD-2022-DPT011,2022,DPT011,9148239.13,Manager 11
BUD-2022-DPT012,2022,DPT012,11311070.95,Manager 12
BUD-2022-DPT013,2022,DPT013,9979309.42,Manager 13
BUD-2022-DPT014,2022,DPT014,6759765.57,Manager 14
BUD-2022-DPT015,2022,DPT015,3122952.65,Manager 15
BUD-2022-DPT016,2022,DPT016,9713733.31,Manager 16
BUD-2022-DPT017,2022,DPT017,4950078.93,Manager 17
BUD-2022-DPT018,2022,DPT018,6489496.78,Manager 18
BUD-2022-DPT019,2022,DPT019,2987853.66,Manager 19
BUD-2022-DPT020,2022,DPT020,3990623.7,Manager 20
BUD-2022-DPT021,2022,DPT021,5988121.44,Manager 21
BUD-2022-DPT022,2022,DPT022,8915070.09,Manager 22
BUD-2022-DPT023,2022,DPT023,10034485.58,Manager 23
BUD-2022-DPT024,2022,DPT024,5761602.84,Manager 24
BUD-2022-DPT025,2022,DPT025,9124688.72,Manager 25
BUD-2023-DPT001,2023,DPT001,9776573.15,Manager 01
BUD-2023-DPT002,2023,DPT002,11160762.1,Manager 02
BUD-2023-DPT003,2023,DPT003,2577439.93,Manager 03
BUD-2023-DPT004,2023,DPT004,9524325.26,Manager 04
BUD-2023-DPT005,2023,DPT005,3080956.42,Manager 05
BUD-2023-DPT006,2023,DPT006,5737683.35,Manager 06
BUD-2023-DPT007,2023,DPT007,8493900.42,Manager 07
BUD-2023-DPT008,2023,DPT008,6510599.67,Manager 08
BUD-2023-DPT009,2023,DPT009,7436268.9,Manager 09
BUD-2023-DPT010,2023,DPT010,10773841.53,Manager 10
BUD-2023-DPT011,2023,DPT011,9661443.14,Manager 11
BUD-2023-DPT012,2023,DPT012,12718192.3,Manager 12
BUD-2023-DPT013,2023,DPT013,9633869.65,Manager 13
BUD-2023-DPT014,2023,DPT014,6375248.06,Manager 14
BUD-2023-DPT015,2023,DPT015,3135579.49,Manager 15
BUD-2023-DPT016,2023,DPT016,9549662.31,Manager 16
BUD-2023-DPT017,2023,DPT017,4806149.55,Manager 17
BUD-2023-DPT018,2023,DPT018,6798248.05,Manager 18
BUD-2023-DPT019,2023,DPT019,2923163.56,Manager 19
BUD-2023-DPT020,2023,DPT020,3940403.48,Manager 20
BUD-2023-DPT021,2023,DPT021,6488317.71,Manager 21
BUD-2023-DPT022,2023,DPT022,9268812.6,Manager 22
BUD-2023-DPT023,2023,DPT023,10285508.11,Manager 23
BUD-2023-DPT024,2023,DPT024,5760734.05,Manager 24
BUD-2023-DPT025,2023,DPT025,8659812.29,Manager 25
BUD-2024-DPT001,2024,DPT001,10396945.86,Manager 01
BUD-2024-DPT002,2024,DPT002,10746132.85,Manager 02
BUD-2024-DPT003,2024,DPT003,2620424.41,Manager 03
BUD-2024-DPT004,2024,DPT004,9626577.27,Manager 04
BUD-2024-DPT005,2024,DPT005,3194083.77,Manager 05
BUD-2024-DPT006,2024,DPT006,5937446.5,Manager 06
BUD-2024-DPT007,2024,DPT007,8309774.3,Manager 07
BUD-2024-DPT008,2024,DPT008,6793460.51,Manager 08
BUD-2024-DPT009,2024,DPT009,8170429.55,Manager 09
BUD-2024-DPT010,2024,DPT010,10701183.08,Manager 10
BUD-2024-DPT011,2024,DPT011,9787497.83,Manager 11
BUD-2024-DPT012,2024,DPT012,12429762.91,Manager 12
BUD-2024-DPT013,2024,DPT013,10136370.15,Manager 13
BUD-2024-DPT014,2024,DPT014,6781962.28,Manager 14
BUD-2024-DPT015,2024,DPT015,3381580.01,Manager 15
BUD-2024-DPT016,2024,DPT016,9427413.26,Manager 16
BUD-2024-DPT017,2024,DPT017,5223676.99,Manager 17
BUD-2024-DPT018,2024,DPT018,6906027.03,Manager 18
BUD-2024-DPT019,2024,DPT019,3211031.49,Manager 19
BUD-2024-DPT020,2024,DPT020,4135770.71,Manager 20
BUD-2024-DPT021,2024,DPT021,6510396.66,Manager 21
BUD-2024-DPT022,2024,DPT022,9887213.77,Manager 22
BUD-2024-DPT023,2024,DPT023,10870190.39,Manager 23
BUD-2024-DPT024,2024,DPT024,6293719.87,Manager 24
BUD-2024-DPT025,2024,DPT025,9648177.35,Manager 25
BUD-2025-DPT001,2025,DPT001,10687960.31,Manager 01
BUD-2025-DPT002,2025,DPT002,11523847.54,Manager 02
BUD-2025-DPT003,2025,DPT003,2650399.88,Manager 03
BUD-2025-DPT004,2025,DPT004,11088414.67,Manager 04
BUD-2025-DPT005,2025,DPT005,3171354.04,Manager 05
BUD-2025-DPT006,2025,DPT006,5959853.08,Manager 06
BUD-2025-DPT007,2025,DPT007,8602199.34,Manager 07
BUD-2025-DPT008,2025,DPT008,7146590.61,Manager 08
BUD-2025-DPT009,2025,DPT009,7658088.09,Manager 09
BUD-2025-DPT010,2025,DPT010,11035434.27,Manager 10
BUD-2025-DPT011,2025,DPT011,10766985.02,Manager 11
BUD-2025-DPT012,2025,DPT012,12978464.43,Manager 12
BUD-2025-DPT013,2025,DPT013,10574321.6,Manager 13
BUD-2025-DPT014,2025,DPT014,7051900.37,Manager 14
BUD-2025-DPT015,2025,DPT015,3447843.45,Manager 15
BUD-2025-DPT016,2025,DPT016,10019489.19,Manager 16
BUD-2025-DPT017,2025,DPT017,5256159.43,Manager 17
BUD-2025-DPT018,2025,DPT018,7400423.99,Manager 18
BUD-2025-DPT019,2025,DPT019,3284425.93,Manager 19
BUD-2025-DPT020,2025,DPT020,4452355.62,Manager 20
BUD-2025-DPT021,2025,DPT021,6655427.53,Manager 21
BUD-2025-DPT022,2025,DPT022,9888991.37,Manager 22
BUD-2025-DPT023,2025,DPT023,10911709.56,Manager 23
BUD-2025-DPT024,2025,DPT024,5785195.01,Manager 24
BUD-2025-DPT025,2025,DPT025,9006887.8,Manager 25
